Campaign,Ad Group,Ad type,Final URL,Path 1,Path 2,Headline 1,Headline 2,Headline 3,Headline 4,Headline 5,Headline 6,Headline 7,Headline 8,Headline 9,Headline 10,Headline 11,Headline 12,Headline 13,Headline 14,Headline 15,Description 1,Description 2,Description 3,Description 4,Status
PI Verona Quartieri,AG - Verona Centro,Responsive search ad,https://gala400.it/quartieri/idraulico-verona-centro.html,urgente,veronacentro,Idraulico Urgente Verona Centro,Pronto Intervento H24,Arrivo ~20 Minuti,Chiama 349 420 8551,Idraulico Verona Centro Verona,Emergenza Acqua e Gas,Tecnico Disponibile Ora,Perdite e Caldaie,Gala 400 Verona,Preventivo Chiaro,-20% fino al 28/06,Servizio Locale Verona Centro,Intervento Immediato,Idraulico Professionale,SOS Idraulico Verona,Idraulico urgente a Verona Centro: pronto intervento h24. Chiama 349 420 8551 — arrivo rapido.,"Perdite acqua, caldaie, spurghi ed emergenze gas a Verona Centro. Preventivo prima dei lavori.","Gala 400: idraulico a Verona e Verona Centro. Tecnici qualificati, intervento anche notturno.",Emergenza idraulica? Chiama ora 349 420 8551. Copertura Verona Centro e provincia di Verona.,Enabled
PI Verona Quartieri,AG - Borgo Trento,Responsive search ad,https://gala400.it/quartieri/idraulico-borgo-trento.html,urgente,borgotrento,Idraulico Urgente Borgo Trento,Pronto Intervento H24,Arrivo ~20 Minuti,Chiama 349 420 8551,Idraulico Borgo Trento Verona,Emergenza Acqua e Gas,Tecnico Disponibile Ora,Perdite e Caldaie,Gala 400 Verona,Preventivo Chiaro,-20% fino al 28/06,Servizio Locale Borgo Trento,Intervento Immediato,Idraulico Professionale,SOS Idraulico Verona,Idraulico urgente a Borgo Trento: pronto intervento h24. Chiama 349 420 8551 — arrivo rapido.,"Perdite acqua, caldaie, spurghi ed emergenze gas a Borgo Trento. Preventivo prima dei lavori.","Gala 400: idraulico a Verona e Borgo Trento. Tecnici qualificati, intervento anche notturno.",Emergenza idraulica? Chiama ora 349 420 8551. Copertura Borgo Trento e provincia di Verona.,Enabled
PI Verona Quartieri,AG - Borgo Roma,Responsive search ad,https://gala400.it/quartieri/idraulico-borgo-roma.html,urgente,borgoroma,Idraulico Urgente Borgo Roma,Pronto Intervento H24,Arrivo ~20 Minuti,Chiama 349 420 8551,Idraulico Borgo Roma Verona,Emergenza Acqua e Gas,Tecnico Disponibile Ora,Perdite e Caldaie,Gala 400 Verona,Preventivo Chiaro,-20% fino al 28/06,Servizio Locale Borgo Roma,Intervento Immediato,Idraulico Professionale,SOS Idraulico Verona,Idraulico urgente a Borgo Roma: pronto intervento h24. Chiama 349 420 8551 — arrivo rapido.,"Perdite acqua, caldaie, spurghi ed emergenze gas a Borgo Roma. Preventivo prima dei lavori.","Gala 400: idraulico a Verona e Borgo Roma. Tecnici qualificati, intervento anche notturno.",Emergenza idraulica? Chiama ora 349 420 8551. Copertura Borgo Roma e provincia di Verona.,Enabled
PI Verona Quartieri,AG - San Zeno,Responsive search ad,https://gala400.it/quartieri/idraulico-san-zeno.html,urgente,sanzeno,Idraulico Urgente San Zeno,Pronto Intervento H24,Arrivo ~20 Minuti,Chiama 349 420 8551,Idraulico San Zeno Verona,Emergenza Acqua e Gas,Tecnico Disponibile Ora,Perdite e Caldaie,Gala 400 Verona,Preventivo Chiaro,-20% fino al 28/06,Servizio Locale San Zeno,Intervento Immediato,Idraulico Professionale,SOS Idraulico Verona,Idraulico urgente a San Zeno: pronto intervento h24. Chiama 349 420 8551 — arrivo rapido.,"Perdite acqua, caldaie, spurghi ed emergenze gas a San Zeno. Preventivo prima dei lavori.","Gala 400: idraulico a Verona e San Zeno. Tecnici qualificati, intervento anche notturno.",Emergenza idraulica? Chiama ora 349 420 8551. Copertura San Zeno e provincia di Verona.,Enabled
PI Verona Quartieri,AG - Valdonega,Responsive search ad,https://gala400.it/quartieri/idraulico-valdonega.html,urgente,valdonega,Idraulico Urgente Valdonega,Pronto Intervento H24,Arrivo ~20 Minuti,Chiama 349 420 8551,Idraulico Valdonega Verona,Emergenza Acqua e Gas,Tecnico Disponibile Ora,Perdite e Caldaie,Gala 400 Verona,Preventivo Chiaro,-20% fino al 28/06,Servizio Locale Valdonega,Intervento Immediato,Idraulico Professionale,SOS Idraulico Verona,Idraulico urgente a Valdonega: pronto intervento h24. Chiama 349 420 8551 — arrivo rapido.,"Perdite acqua, caldaie, spurghi ed emergenze gas a Valdonega. Preventivo prima dei lavori.","Gala 400: idraulico a Verona e Valdonega. Tecnici qualificati, intervento anche notturno.",Emergenza idraulica? Chiama ora 349 420 8551. Copertura Valdonega e provincia di Verona.,Enabled
PI Verona Quartieri,AG - Cittadella,Responsive search ad,https://gala400.it/quartieri/idraulico-cittadella.html,urgente,cittadella,Idraulico Urgente Cittadella,Pronto Intervento H24,Arrivo ~20 Minuti,Chiama 349 420 8551,Idraulico Cittadella Verona,Emergenza Acqua e Gas,Tecnico Disponibile Ora,Perdite e Caldaie,Gala 400 Verona,Preventivo Chiaro,-20% fino al 28/06,Servizio Locale Cittadella,Intervento Immediato,Idraulico Professionale,SOS Idraulico Verona,Idraulico urgente a Cittadella: pronto intervento h24. Chiama 349 420 8551 — arrivo rapido.,"Perdite acqua, caldaie, spurghi ed emergenze gas a Cittadella. Preventivo prima dei lavori.","Gala 400: idraulico a Verona e Cittadella. Tecnici qualificati, intervento anche notturno.",Emergenza idraulica? Chiama ora 349 420 8551. Copertura Cittadella e provincia di Verona.,Enabled
PI Verona Quartieri,AG - Filippini,Responsive search ad,https://gala400.it/quartieri/idraulico-filippini.html,urgente,filippini,Idraulico Urgente Filippini,Pronto Intervento H24,Arrivo ~20 Minuti,Chiama 349 420 8551,Idraulico Filippini Verona,Emergenza Acqua e Gas,Tecnico Disponibile Ora,Perdite e Caldaie,Gala 400 Verona,Preventivo Chiaro,-20% fino al 28/06,Servizio Locale Filippini,Intervento Immediato,Idraulico Professionale,SOS Idraulico Verona,Idraulico urgente a Filippini: pronto intervento h24. Chiama 349 420 8551 — arrivo rapido.,"Perdite acqua, caldaie, spurghi ed emergenze gas a Filippini. Preventivo prima dei lavori.","Gala 400: idraulico a Verona e Filippini. Tecnici qualificati, intervento anche notturno.",Emergenza idraulica? Chiama ora 349 420 8551. Copertura Filippini e provincia di Verona.,Enabled
PI Verona Quartieri,AG - Stadio,Responsive search ad,https://gala400.it/quartieri/idraulico-stadio.html,urgente,stadio,Idraulico Urgente Stadio,Pronto Intervento H24,Arrivo ~20 Minuti,Chiama 349 420 8551,Idraulico Stadio Verona,Emergenza Acqua e Gas,Tecnico Disponibile Ora,Perdite e Caldaie,Gala 400 Verona,Preventivo Chiaro,-20% fino al 28/06,Servizio Locale Stadio,Intervento Immediato,Idraulico Professionale,SOS Idraulico Verona,Idraulico urgente a Stadio: pronto intervento h24. Chiama 349 420 8551 — arrivo rapido.,"Perdite acqua, caldaie, spurghi ed emergenze gas a Stadio. Preventivo prima dei lavori.","Gala 400: idraulico a Verona e Stadio. Tecnici qualificati, intervento anche notturno.",Emergenza idraulica? Chiama ora 349 420 8551. Copertura Stadio e provincia di Verona.,Enabled
PI Verona Quartieri,AG - Quadrante Europa,Responsive search ad,https://gala400.it/quartieri/idraulico-quadrante-europa.html,urgente,quadranteeurop,Idraulico Urgente Quadrante Europa,Pronto Intervento H24,Arrivo ~20 Minuti,Chiama 349 420 8551,Idraulico Quadrante Europa Verona,Emergenza Acqua e Gas,Tecnico Disponibile Ora,Perdite e Caldaie,Gala 400 Verona,Preventivo Chiaro,-20% fino al 28/06,Servizio Locale Quadrante Europa,Intervento Immediato,Idraulico Professionale,SOS Idraulico Verona,Idraulico urgente a Quadrante Europa: pronto intervento h24. Chiama 349 420 8551 — arrivo rapido.,"Perdite acqua, caldaie, spurghi ed emergenze gas a Quadrante Europa. Preventivo prima dei lavori.","Gala 400: idraulico a Verona e Quadrante Europa. Tecnici qualificati, intervento anche notturno.",Emergenza idraulica? Chiama ora 349 420 8551. Copertura Quadrante Europa e provincia di Verona.,Enabled
PI Verona Quartieri,AG - San Michele,Responsive search ad,https://gala400.it/quartieri/idraulico-san-michele.html,urgente,sanmichele,Idraulico Urgente San Michele,Pronto Intervento H24,Arrivo ~20 Minuti,Chiama 349 420 8551,Idraulico San Michele Verona,Emergenza Acqua e Gas,Tecnico Disponibile Ora,Perdite e Caldaie,Gala 400 Verona,Preventivo Chiaro,-20% fino al 28/06,Servizio Locale San Michele,Intervento Immediato,Idraulico Professionale,SOS Idraulico Verona,Idraulico urgente a San Michele: pronto intervento h24. Chiama 349 420 8551 — arrivo rapido.,"Perdite acqua, caldaie, spurghi ed emergenze gas a San Michele. Preventivo prima dei lavori.","Gala 400: idraulico a Verona e San Michele. Tecnici qualificati, intervento anche notturno.",Emergenza idraulica? Chiama ora 349 420 8551. Copertura San Michele e provincia di Verona.,Enabled
PI Verona Quartieri,AG - Golosine,Responsive search ad,https://gala400.it/quartieri/idraulico-golosine.html,urgente,golosine,Idraulico Urgente Golosine,Pronto Intervento H24,Arrivo ~20 Minuti,Chiama 349 420 8551,Idraulico Golosine Verona,Emergenza Acqua e Gas,Tecnico Disponibile Ora,Perdite e Caldaie,Gala 400 Verona,Preventivo Chiaro,-20% fino al 28/06,Servizio Locale Golosine,Intervento Immediato,Idraulico Professionale,SOS Idraulico Verona,Idraulico urgente a Golosine: pronto intervento h24. Chiama 349 420 8551 — arrivo rapido.,"Perdite acqua, caldaie, spurghi ed emergenze gas a Golosine. Preventivo prima dei lavori.","Gala 400: idraulico a Verona e Golosine. Tecnici qualificati, intervento anche notturno.",Emergenza idraulica? Chiama ora 349 420 8551. Copertura Golosine e provincia di Verona.,Enabled
PI Verona Quartieri,AG - Parona,Responsive search ad,https://gala400.it/quartieri/idraulico-parona.html,urgente,parona,Idraulico Urgente Parona,Pronto Intervento H24,Arrivo ~20 Minuti,Chiama 349 420 8551,Idraulico Parona Verona,Emergenza Acqua e Gas,Tecnico Disponibile Ora,Perdite e Caldaie,Gala 400 Verona,Preventivo Chiaro,-20% fino al 28/06,Servizio Locale Parona,Intervento Immediato,Idraulico Professionale,SOS Idraulico Verona,Idraulico urgente a Parona: pronto intervento h24. Chiama 349 420 8551 — arrivo rapido.,"Perdite acqua, caldaie, spurghi ed emergenze gas a Parona. Preventivo prima dei lavori.","Gala 400: idraulico a Verona e Parona. Tecnici qualificati, intervento anche notturno.",Emergenza idraulica? Chiama ora 349 420 8551. Copertura Parona e provincia di Verona.,Enabled
PI Verona Quartieri,AG - Chievo,Responsive search ad,https://gala400.it/quartieri/idraulico-chievo.html,urgente,chievo,Idraulico Urgente Chievo,Pronto Intervento H24,Arrivo ~20 Minuti,Chiama 349 420 8551,Idraulico Chievo Verona,Emergenza Acqua e Gas,Tecnico Disponibile Ora,Perdite e Caldaie,Gala 400 Verona,Preventivo Chiaro,-20% fino al 28/06,Servizio Locale Chievo,Intervento Immediato,Idraulico Professionale,SOS Idraulico Verona,Idraulico urgente a Chievo: pronto intervento h24. Chiama 349 420 8551 — arrivo rapido.,"Perdite acqua, caldaie, spurghi ed emergenze gas a Chievo. Preventivo prima dei lavori.","Gala 400: idraulico a Verona e Chievo. Tecnici qualificati, intervento anche notturno.",Emergenza idraulica? Chiama ora 349 420 8551. Copertura Chievo e provincia di Verona.,Enabled
PI Verona Quartieri,AG - San Paolo,Responsive search ad,https://gala400.it/quartieri/idraulico-san-paolo.html,urgente,sanpaolo,Idraulico Urgente San Paolo,Pronto Intervento H24,Arrivo ~20 Minuti,Chiama 349 420 8551,Idraulico San Paolo Verona,Emergenza Acqua e Gas,Tecnico Disponibile Ora,Perdite e Caldaie,Gala 400 Verona,Preventivo Chiaro,-20% fino al 28/06,Servizio Locale San Paolo,Intervento Immediato,Idraulico Professionale,SOS Idraulico Verona,Idraulico urgente a San Paolo: pronto intervento h24. Chiama 349 420 8551 — arrivo rapido.,"Perdite acqua, caldaie, spurghi ed emergenze gas a San Paolo. Preventivo prima dei lavori.","Gala 400: idraulico a Verona e San Paolo. Tecnici qualificati, intervento anche notturno.",Emergenza idraulica? Chiama ora 349 420 8551. Copertura San Paolo e provincia di Verona.,Enabled
PI Verona Quartieri,AG - Mizzole,Responsive search ad,https://gala400.it/quartieri/idraulico-mizzole.html,urgente,mizzole,Idraulico Urgente Mizzole,Pronto Intervento H24,Arrivo ~20 Minuti,Chiama 349 420 8551,Idraulico Mizzole Verona,Emergenza Acqua e Gas,Tecnico Disponibile Ora,Perdite e Caldaie,Gala 400 Verona,Preventivo Chiaro,-20% fino al 28/06,Servizio Locale Mizzole,Intervento Immediato,Idraulico Professionale,SOS Idraulico Verona,Idraulico urgente a Mizzole: pronto intervento h24. Chiama 349 420 8551 — arrivo rapido.,"Perdite acqua, caldaie, spurghi ed emergenze gas a Mizzole. Preventivo prima dei lavori.","Gala 400: idraulico a Verona e Mizzole. Tecnici qualificati, intervento anche notturno.",Emergenza idraulica? Chiama ora 349 420 8551. Copertura Mizzole e provincia di Verona.,Enabled
PI Verona Quartieri,AG - Montorio,Responsive search ad,https://gala400.it/quartieri/idraulico-montorio.html,urgente,montorio,Idraulico Urgente Montorio,Pronto Intervento H24,Arrivo ~20 Minuti,Chiama 349 420 8551,Idraulico Montorio Verona,Emergenza Acqua e Gas,Tecnico Disponibile Ora,Perdite e Caldaie,Gala 400 Verona,Preventivo Chiaro,-20% fino al 28/06,Servizio Locale Montorio,Intervento Immediato,Idraulico Professionale,SOS Idraulico Verona,Idraulico urgente a Montorio: pronto intervento h24. Chiama 349 420 8551 — arrivo rapido.,"Perdite acqua, caldaie, spurghi ed emergenze gas a Montorio. Preventivo prima dei lavori.","Gala 400: idraulico a Verona e Montorio. Tecnici qualificati, intervento anche notturno.",Emergenza idraulica? Chiama ora 349 420 8551. Copertura Montorio e provincia di Verona.,Enabled
PI Verona Quartieri,AG - San Massimo,Responsive search ad,https://gala400.it/quartieri/idraulico-san-massimo.html,urgente,sanmassimo,Idraulico Urgente San Massimo,Pronto Intervento H24,Arrivo ~20 Minuti,Chiama 349 420 8551,Idraulico San Massimo Verona,Emergenza Acqua e Gas,Tecnico Disponibile Ora,Perdite e Caldaie,Gala 400 Verona,Preventivo Chiaro,-20% fino al 28/06,Servizio Locale San Massimo,Intervento Immediato,Idraulico Professionale,SOS Idraulico Verona,Idraulico urgente a San Massimo: pronto intervento h24. Chiama 349 420 8551 — arrivo rapido.,"Perdite acqua, caldaie, spurghi ed emergenze gas a San Massimo. Preventivo prima dei lavori.","Gala 400: idraulico a Verona e San Massimo. Tecnici qualificati, intervento anche notturno.",Emergenza idraulica? Chiama ora 349 420 8551. Copertura San Massimo e provincia di Verona.,Enabled
PI Verona Quartieri,AG - Ca' di David,Responsive search ad,https://gala400.it/quartieri/idraulico-ca-di-david.html,urgente,cadidavid,Idraulico Urgente Ca' di David,Pronto Intervento H24,Arrivo ~20 Minuti,Chiama 349 420 8551,Idraulico Ca' di David Verona,Emergenza Acqua e Gas,Tecnico Disponibile Ora,Perdite e Caldaie,Gala 400 Verona,Preventivo Chiaro,-20% fino al 28/06,Servizio Locale Ca' di David,Intervento Immediato,Idraulico Professionale,SOS Idraulico Verona,Idraulico urgente a Ca' di David: pronto intervento h24. Chiama 349 420 8551 — arrivo rapido.,"Perdite acqua, caldaie, spurghi ed emergenze gas a Ca' di David. Preventivo prima dei lavori.","Gala 400: idraulico a Verona e Ca' di David. Tecnici qualificati, intervento anche notturno.",Emergenza idraulica? Chiama ora 349 420 8551. Copertura Ca' di David e provincia di Verona.,Enabled
PI Verona Quartieri,AG - Santa Lucia,Responsive search ad,https://gala400.it/quartieri/idraulico-santa-lucia.html,urgente,santalucia,Idraulico Urgente Santa Lucia,Pronto Intervento H24,Arrivo ~20 Minuti,Chiama 349 420 8551,Idraulico Santa Lucia Verona,Emergenza Acqua e Gas,Tecnico Disponibile Ora,Perdite e Caldaie,Gala 400 Verona,Preventivo Chiaro,-20% fino al 28/06,Servizio Locale Santa Lucia,Intervento Immediato,Idraulico Professionale,SOS Idraulico Verona,Idraulico urgente a Santa Lucia: pronto intervento h24. Chiama 349 420 8551 — arrivo rapido.,"Perdite acqua, caldaie, spurghi ed emergenze gas a Santa Lucia. Preventivo prima dei lavori.","Gala 400: idraulico a Verona e Santa Lucia. Tecnici qualificati, intervento anche notturno.",Emergenza idraulica? Chiama ora 349 420 8551. Copertura Santa Lucia e provincia di Verona.,Enabled
PI Verona Quartieri,AG - Pindemonte,Responsive search ad,https://gala400.it/quartieri/idraulico-pindemonte.html,urgente,pindemonte,Idraulico Urgente Pindemonte,Pronto Intervento H24,Arrivo ~20 Minuti,Chiama 349 420 8551,Idraulico Pindemonte Verona,Emergenza Acqua e Gas,Tecnico Disponibile Ora,Perdite e Caldaie,Gala 400 Verona,Preventivo Chiaro,-20% fino al 28/06,Servizio Locale Pindemonte,Intervento Immediato,Idraulico Professionale,SOS Idraulico Verona,Idraulico urgente a Pindemonte: pronto intervento h24. Chiama 349 420 8551 — arrivo rapido.,"Perdite acqua, caldaie, spurghi ed emergenze gas a Pindemonte. Preventivo prima dei lavori.","Gala 400: idraulico a Verona e Pindemonte. Tecnici qualificati, intervento anche notturno.",Emergenza idraulica? Chiama ora 349 420 8551. Copertura Pindemonte e provincia di Verona.,Enabled
PI Verona Quartieri,AG - Borgo Venezia,Responsive search ad,https://gala400.it/quartieri/idraulico-borgo-venezia.html,urgente,borgovenezia,Idraulico Urgente Borgo Venezia,Pronto Intervento H24,Arrivo ~20 Minuti,Chiama 349 420 8551,Idraulico Borgo Venezia Verona,Emergenza Acqua e Gas,Tecnico Disponibile Ora,Perdite e Caldaie,Gala 400 Verona,Preventivo Chiaro,-20% fino al 28/06,Servizio Locale Borgo Venezia,Intervento Immediato,Idraulico Professionale,SOS Idraulico Verona,Idraulico urgente a Borgo Venezia: pronto intervento h24. Chiama 349 420 8551 — arrivo rapido.,"Perdite acqua, caldaie, spurghi ed emergenze gas a Borgo Venezia. Preventivo prima dei lavori.","Gala 400: idraulico a Verona e Borgo Venezia. Tecnici qualificati, intervento anche notturno.",Emergenza idraulica? Chiama ora 349 420 8551. Copertura Borgo Venezia e provincia di Verona.,Enabled
PI Verona Quartieri,AG - Borgo Milano,Responsive search ad,https://gala400.it/quartieri/idraulico-borgo-milano.html,urgente,borgomilano,Idraulico Urgente Borgo Milano,Pronto Intervento H24,Arrivo ~20 Minuti,Chiama 349 420 8551,Idraulico Borgo Milano Verona,Emergenza Acqua e Gas,Tecnico Disponibile Ora,Perdite e Caldaie,Gala 400 Verona,Preventivo Chiaro,-20% fino al 28/06,Servizio Locale Borgo Milano,Intervento Immediato,Idraulico Professionale,SOS Idraulico Verona,Idraulico urgente a Borgo Milano: pronto intervento h24. Chiama 349 420 8551 — arrivo rapido.,"Perdite acqua, caldaie, spurghi ed emergenze gas a Borgo Milano. Preventivo prima dei lavori.","Gala 400: idraulico a Verona e Borgo Milano. Tecnici qualificati, intervento anche notturno.",Emergenza idraulica? Chiama ora 349 420 8551. Copertura Borgo Milano e provincia di Verona.,Enabled
PI Verona Quartieri,AG - Veronetta,Responsive search ad,https://gala400.it/quartieri/idraulico-veronetta.html,urgente,veronetta,Idraulico Urgente Veronetta,Pronto Intervento H24,Arrivo ~20 Minuti,Chiama 349 420 8551,Idraulico Veronetta Verona,Emergenza Acqua e Gas,Tecnico Disponibile Ora,Perdite e Caldaie,Gala 400 Verona,Preventivo Chiaro,-20% fino al 28/06,Servizio Locale Veronetta,Intervento Immediato,Idraulico Professionale,SOS Idraulico Verona,Idraulico urgente a Veronetta: pronto intervento h24. Chiama 349 420 8551 — arrivo rapido.,"Perdite acqua, caldaie, spurghi ed emergenze gas a Veronetta. Preventivo prima dei lavori.","Gala 400: idraulico a Verona e Veronetta. Tecnici qualificati, intervento anche notturno.",Emergenza idraulica? Chiama ora 349 420 8551. Copertura Veronetta e provincia di Verona.,Enabled
PI Verona Quartieri,AG - San Pancrazio,Responsive search ad,https://gala400.it/quartieri/idraulico-san-pancrazio.html,urgente,sanpancrazio,Idraulico Urgente San Pancrazio,Pronto Intervento H24,Arrivo ~20 Minuti,Chiama 349 420 8551,Idraulico San Pancrazio Verona,Emergenza Acqua e Gas,Tecnico Disponibile Ora,Perdite e Caldaie,Gala 400 Verona,Preventivo Chiaro,-20% fino al 28/06,Servizio Locale San Pancrazio,Intervento Immediato,Idraulico Professionale,SOS Idraulico Verona,Idraulico urgente a San Pancrazio: pronto intervento h24. Chiama 349 420 8551 — arrivo rapido.,"Perdite acqua, caldaie, spurghi ed emergenze gas a San Pancrazio. Preventivo prima dei lavori.","Gala 400: idraulico a Verona e San Pancrazio. Tecnici qualificati, intervento anche notturno.",Emergenza idraulica? Chiama ora 349 420 8551. Copertura San Pancrazio e provincia di Verona.,Enabled
PI Verona Quartieri,AG - Croce Bianca,Responsive search ad,https://gala400.it/quartieri/idraulico-croce-bianca.html,urgente,crocebianca,Idraulico Urgente Croce Bianca,Pronto Intervento H24,Arrivo ~20 Minuti,Chiama 349 420 8551,Idraulico Croce Bianca Verona,Emergenza Acqua e Gas,Tecnico Disponibile Ora,Perdite e Caldaie,Gala 400 Verona,Preventivo Chiaro,-20% fino al 28/06,Servizio Locale Croce Bianca,Intervento Immediato,Idraulico Professionale,SOS Idraulico Verona,Idraulico urgente a Croce Bianca: pronto intervento h24. Chiama 349 420 8551 — arrivo rapido.,"Perdite acqua, caldaie, spurghi ed emergenze gas a Croce Bianca. Preventivo prima dei lavori.","Gala 400: idraulico a Verona e Croce Bianca. Tecnici qualificati, intervento anche notturno.",Emergenza idraulica? Chiama ora 349 420 8551. Copertura Croce Bianca e provincia di Verona.,Enabled
PI Verona Quartieri,AG - Palazzolo,Responsive search ad,https://gala400.it/quartieri/idraulico-palazzolo.html,urgente,palazzolo,Idraulico Urgente Palazzolo,Pronto Intervento H24,Arrivo ~20 Minuti,Chiama 349 420 8551,Idraulico Palazzolo Verona,Emergenza Acqua e Gas,Tecnico Disponibile Ora,Perdite e Caldaie,Gala 400 Verona,Preventivo Chiaro,-20% fino al 28/06,Servizio Locale Palazzolo,Intervento Immediato,Idraulico Professionale,SOS Idraulico Verona,Idraulico urgente a Palazzolo: pronto intervento h24. Chiama 349 420 8551 — arrivo rapido.,"Perdite acqua, caldaie, spurghi ed emergenze gas a Palazzolo. Preventivo prima dei lavori.","Gala 400: idraulico a Verona e Palazzolo. Tecnici qualificati, intervento anche notturno.",Emergenza idraulica? Chiama ora 349 420 8551. Copertura Palazzolo e provincia di Verona.,Enabled
PI Verona Quartieri,AG - Santa Croce,Responsive search ad,https://gala400.it/quartieri/idraulico-santa-croce.html,urgente,santacroce,Idraulico Urgente Santa Croce,Pronto Intervento H24,Arrivo ~20 Minuti,Chiama 349 420 8551,Idraulico Santa Croce Verona,Emergenza Acqua e Gas,Tecnico Disponibile Ora,Perdite e Caldaie,Gala 400 Verona,Preventivo Chiaro,-20% fino al 28/06,Servizio Locale Santa Croce,Intervento Immediato,Idraulico Professionale,SOS Idraulico Verona,Idraulico urgente a Santa Croce: pronto intervento h24. Chiama 349 420 8551 — arrivo rapido.,"Perdite acqua, caldaie, spurghi ed emergenze gas a Santa Croce. Preventivo prima dei lavori.","Gala 400: idraulico a Verona e Santa Croce. Tecnici qualificati, intervento anche notturno.",Emergenza idraulica? Chiama ora 349 420 8551. Copertura Santa Croce e provincia di Verona.,Enabled
PI Verona Quartieri,AG - Castelnuovo,Responsive search ad,https://gala400.it/quartieri/idraulico-castelnuovo.html,urgente,castelnuovo,Idraulico Urgente Castelnuovo,Pronto Intervento H24,Arrivo ~20 Minuti,Chiama 349 420 8551,Idraulico Castelnuovo Verona,Emergenza Acqua e Gas,Tecnico Disponibile Ora,Perdite e Caldaie,Gala 400 Verona,Preventivo Chiaro,-20% fino al 28/06,Servizio Locale Castelnuovo,Intervento Immediato,Idraulico Professionale,SOS Idraulico Verona,Idraulico urgente a Castelnuovo: pronto intervento h24. Chiama 349 420 8551 — arrivo rapido.,"Perdite acqua, caldaie, spurghi ed emergenze gas a Castelnuovo. Preventivo prima dei lavori.","Gala 400: idraulico a Verona e Castelnuovo. Tecnici qualificati, intervento anche notturno.",Emergenza idraulica? Chiama ora 349 420 8551. Copertura Castelnuovo e provincia di Verona.,Enabled
PI Verona Quartieri,AG - Bussolengo,Responsive search ad,https://gala400.it/quartieri/idraulico-bussolengo.html,urgente,bussolengo,Idraulico Urgente Bussolengo,Pronto Intervento H24,Arrivo ~20 Minuti,Chiama 349 420 8551,Idraulico Bussolengo Verona,Emergenza Acqua e Gas,Tecnico Disponibile Ora,Perdite e Caldaie,Gala 400 Verona,Preventivo Chiaro,-20% fino al 28/06,Servizio Locale Bussolengo,Intervento Immediato,Idraulico Professionale,SOS Idraulico Verona,Idraulico urgente a Bussolengo: pronto intervento h24. Chiama 349 420 8551 — arrivo rapido.,"Perdite acqua, caldaie, spurghi ed emergenze gas a Bussolengo. Preventivo prima dei lavori.","Gala 400: idraulico a Verona e Bussolengo. Tecnici qualificati, intervento anche notturno.",Emergenza idraulica? Chiama ora 349 420 8551. Copertura Bussolengo e provincia di Verona.,Enabled
PI Verona Quartieri,AG - Villafranca di Verona,Responsive search ad,https://gala400.it/quartieri/idraulico-villafranca-di-verona.html,urgente,villafrancadi,Idraulico Urgente Villafranca di Verona,Pronto Intervento H24,Arrivo ~20 Minuti,Chiama 349 420 8551,Idraulico Villafranca di Verona Verona,Emergenza Acqua e Gas,Tecnico Disponibile Ora,Perdite e Caldaie,Gala 400 Verona,Preventivo Chiaro,-20% fino al 28/06,Servizio Locale Villafranca di Verona,Intervento Immediato,Idraulico Professionale,SOS Idraulico Verona,Idraulico urgente a Villafranca di Verona: pronto intervento h24. Chiama 349 420 8551 — arrivo rapido.,"Perdite acqua, caldaie, spurghi ed emergenze gas a Villafranca di Verona. Preventivo prima dei lavori.","Gala 400: idraulico a Verona e Villafranca di Verona. Tecnici qualificati, intervento anche notturno.",Emergenza idraulica? Chiama ora 349 420 8551. Copertura Villafranca di Verona e provincia di Verona.,Enabled
PI Verona Quartieri,AG - San Giovanni Lupatoto,Responsive search ad,https://gala400.it/quartieri/idraulico-san-giovanni-lupatoto.html,urgente,sangiovannilu,Idraulico Urgente San Giovanni Lupatoto,Pronto Intervento H24,Arrivo ~20 Minuti,Chiama 349 420 8551,Idraulico San Giovanni Lupatoto Verona,Emergenza Acqua e Gas,Tecnico Disponibile Ora,Perdite e Caldaie,Gala 400 Verona,Preventivo Chiaro,-20% fino al 28/06,Servizio Locale San Giovanni Lupatoto,Intervento Immediato,Idraulico Professionale,SOS Idraulico Verona,Idraulico urgente a San Giovanni Lupatoto: pronto intervento h24. Chiama 349 420 8551 — arrivo rapido.,"Perdite acqua, caldaie, spurghi ed emergenze gas a San Giovanni Lupatoto. Preventivo prima dei lavori.","Gala 400: idraulico a Verona e San Giovanni Lupatoto. Tecnici qualificati, intervento anche notturno.",Emergenza idraulica? Chiama ora 349 420 8551. Copertura San Giovanni Lupatoto e provincia di Verona.,Enabled
PI Verona Quartieri,AG - Sommacampagna,Responsive search ad,https://gala400.it/quartieri/idraulico-sommacampagna.html,urgente,sommacampagna,Idraulico Urgente Sommacampagna,Pronto Intervento H24,Arrivo ~20 Minuti,Chiama 349 420 8551,Idraulico Sommacampagna Verona,Emergenza Acqua e Gas,Tecnico Disponibile Ora,Perdite e Caldaie,Gala 400 Verona,Preventivo Chiaro,-20% fino al 28/06,Servizio Locale Sommacampagna,Intervento Immediato,Idraulico Professionale,SOS Idraulico Verona,Idraulico urgente a Sommacampagna: pronto intervento h24. Chiama 349 420 8551 — arrivo rapido.,"Perdite acqua, caldaie, spurghi ed emergenze gas a Sommacampagna. Preventivo prima dei lavori.","Gala 400: idraulico a Verona e Sommacampagna. Tecnici qualificati, intervento anche notturno.",Emergenza idraulica? Chiama ora 349 420 8551. Copertura Sommacampagna e provincia di Verona.,Enabled
PI Verona Quartieri,AG - Pescantina,Responsive search ad,https://gala400.it/quartieri/idraulico-pescantina.html,urgente,pescantina,Idraulico Urgente Pescantina,Pronto Intervento H24,Arrivo ~20 Minuti,Chiama 349 420 8551,Idraulico Pescantina Verona,Emergenza Acqua e Gas,Tecnico Disponibile Ora,Perdite e Caldaie,Gala 400 Verona,Preventivo Chiaro,-20% fino al 28/06,Servizio Locale Pescantina,Intervento Immediato,Idraulico Professionale,SOS Idraulico Verona,Idraulico urgente a Pescantina: pronto intervento h24. Chiama 349 420 8551 — arrivo rapido.,"Perdite acqua, caldaie, spurghi ed emergenze gas a Pescantina. Preventivo prima dei lavori.","Gala 400: idraulico a Verona e Pescantina. Tecnici qualificati, intervento anche notturno.",Emergenza idraulica? Chiama ora 349 420 8551. Copertura Pescantina e provincia di Verona.,Enabled
PI Verona Quartieri,AG - San Martino Buon Albergo,Responsive search ad,https://gala400.it/quartieri/idraulico-san-martino-buon-albergo.html,urgente,sanmartinobuo,Idraulico Urgente San Martino Buon Albergo,Pronto Intervento H24,Arrivo ~20 Minuti,Chiama 349 420 8551,Idraulico San Martino Buon Albergo Verona,Emergenza Acqua e Gas,Tecnico Disponibile Ora,Perdite e Caldaie,Gala 400 Verona,Preventivo Chiaro,-20% fino al 28/06,Servizio Locale San Martino Buon Albergo,Intervento Immediato,Idraulico Professionale,SOS Idraulico Verona,Idraulico urgente a San Martino Buon Albergo: pronto intervento h24. Chiama 349 420 8551 — arrivo rapido.,"Perdite acqua, caldaie, spurghi ed emergenze gas a San Martino Buon Albergo. Preventivo prima dei lavori.","Gala 400: idraulico a Verona e San Martino Buon Albergo. Tecnici qualificati, intervento anche notturno.",Emergenza idraulica? Chiama ora 349 420 8551. Copertura San Martino Buon Albergo e provincia di Verona.,Enabled
PI Verona Quartieri,AG - Legnago,Responsive search ad,https://gala400.it/quartieri/idraulico-legnago.html,urgente,legnago,Idraulico Urgente Legnago,Pronto Intervento H24,Arrivo ~20 Minuti,Chiama 349 420 8551,Idraulico Legnago Verona,Emergenza Acqua e Gas,Tecnico Disponibile Ora,Perdite e Caldaie,Gala 400 Verona,Preventivo Chiaro,-20% fino al 28/06,Servizio Locale Legnago,Intervento Immediato,Idraulico Professionale,SOS Idraulico Verona,Idraulico urgente a Legnago: pronto intervento h24. Chiama 349 420 8551 — arrivo rapido.,"Perdite acqua, caldaie, spurghi ed emergenze gas a Legnago. Preventivo prima dei lavori.","Gala 400: idraulico a Verona e Legnago. Tecnici qualificati, intervento anche notturno.",Emergenza idraulica? Chiama ora 349 420 8551. Copertura Legnago e provincia di Verona.,Enabled
PI Verona Quartieri,AG - Negrar,Responsive search ad,https://gala400.it/quartieri/idraulico-negrar.html,urgente,negrar,Idraulico Urgente Negrar,Pronto Intervento H24,Arrivo ~20 Minuti,Chiama 349 420 8551,Idraulico Negrar Verona,Emergenza Acqua e Gas,Tecnico Disponibile Ora,Perdite e Caldaie,Gala 400 Verona,Preventivo Chiaro,-20% fino al 28/06,Servizio Locale Negrar,Intervento Immediato,Idraulico Professionale,SOS Idraulico Verona,Idraulico urgente a Negrar: pronto intervento h24. Chiama 349 420 8551 — arrivo rapido.,"Perdite acqua, caldaie, spurghi ed emergenze gas a Negrar. Preventivo prima dei lavori.","Gala 400: idraulico a Verona e Negrar. Tecnici qualificati, intervento anche notturno.",Emergenza idraulica? Chiama ora 349 420 8551. Copertura Negrar e provincia di Verona.,Enabled